INSERT INTO prm_d.magazines (name) values ('Volné směry');
INSERT INTO prm_d.volumes (num, magazine_id) values (1901, 1);
INSERT INTO prm_d.issues (num, volume_id) values (07, 1);
INSERT INTO prm_d.pages (num, p_index, num_repro, issue_id, p_text) values (1, 1, 1, 1, 0);
INSERT INTO prm_d.reproductions (page_id, x1, y1, x2, y2, width, height, dimension, area, origin_image) values (1, 1783, 866, 3966, 3347, 2183, 2481, 1.137, 0.18, '1_1_origin.jpeg');
INSERT INTO prm_d.pages (num, p_index, num_repro, issue_id, p_text) values (2, 2, 1, 1, 1);
INSERT INTO prm_d.reproductions (page_id, x1, y1, x2, y2, width, height, dimension, area, origin_image) values (2, 1075, 2143, 2230, 3844, 1155, 1701, 1.473, 0.06, '2_1_origin.jpeg');
INSERT INTO prm_d.captions (page_id) values (2);
INSERT INTO prm_d.pages (num, p_index, num_repro, issue_id, p_text) values (3, 3, 1, 1, 0);
INSERT INTO prm_d.reproductions (page_id, x1, y1, x2, y2, width, height, dimension, area, origin_image) values (3, 696, 809, 3876, 4866, 3180, 4057, 1.276, 0.43, '3_1_origin.jpeg');
INSERT INTO prm_d.pages (num, p_index, num_repro, issue_id, p_text) values (4, 4, 1, 1, 0);
INSERT INTO prm_d.reproductions (page_id, x1, y1, x2, y2, width, height, dimension, area, origin_image) values (4, 628, 3727, 4115, 5823, 3487, 2096, 0.601, 0.24, '4_1_origin.jpeg');
INSERT INTO prm_d.pages (num, p_index, num_repro, issue_id, p_text) values (5, 5, 1, 1, 1);
INSERT INTO prm_d.reproductions (page_id, x1, y1, x2, y2, width, height, dimension, area, origin_image) values (5, 665, 3760, 4143, 5810, 3478, 2050, 0.589, 0.23, '5_1_origin.jpeg');
INSERT INTO prm_d.captions (page_id) values (5);
INSERT INTO prm_d.pages (num, p_index, num_repro, issue_id, p_text) values (6, 6, 1, 1, 0);
INSERT INTO prm_d.reproductions (page_id, x1, y1, x2, y2, width, height, dimension, area, origin_image) values (6, 609, 3315, 2455, 5801, 1846, 2486, 1.347, 0.15, '6_1_origin.jpeg');
INSERT INTO prm_d.pages (num, p_index, num_repro, issue_id, p_text) values (7, 7, 1, 1, 1);
INSERT INTO prm_d.reproductions (page_id, x1, y1, x2, y2, width, height, dimension, area, origin_image) values (7, 561, 1196, 3819, 5413, 3258, 4217, 1.294, 0.45, '7_1_origin.jpeg');
INSERT INTO prm_d.captions (page_id) values (7);
INSERT INTO prm_d.pages (num, p_index, num_repro, issue_id, p_text) values (8, 8, 1, 1, 0);
INSERT INTO prm_d.reproductions (page_id, x1, y1, x2, y2, width, height, dimension, area, origin_image) values (8, 779, 522, 2709, 2916, 1930, 2394, 1.24, 0.15, '8_1_origin.jpeg');
INSERT INTO prm_d.pages (num, p_index, num_repro, issue_id, p_text) values (9, 9, 1, 1, 1);
INSERT INTO prm_d.reproductions (page_id, x1, y1, x2, y2, width, height, dimension, area, origin_image) values (9, 780, 603, 3806, 5782, 3026, 5179, 1.712, 0.52, '9_1_origin.jpeg');
INSERT INTO prm_d.captions (page_id) values (9);
INSERT INTO prm_d.pages (num, p_index, num_repro, issue_id, p_text) values (10, 10, 1, 1, 1);
INSERT INTO prm_d.reproductions (page_id, x1, y1, x2, y2, width, height, dimension, area, origin_image) values (10, 1176, 479, 4157, 2508, 2981, 2029, 0.681, 0.2, '10_1_origin.jpeg');
INSERT INTO prm_d.captions (page_id) values (10);
INSERT INTO prm_d.pages (num, p_index, num_repro, issue_id, p_text) values (11, 11, 1, 1, 1);
INSERT INTO prm_d.reproductions (page_id, x1, y1, x2, y2, width, height, dimension, area, origin_image) values (11, 503, 414, 3972, 5984, 3469, 5570, 1.606, 0.64, '11_1_origin.jpeg');
INSERT INTO prm_d.captions (page_id) values (11);
INSERT INTO prm_d.pages (num, p_index, num_repro, issue_id, p_text) values (12, 12, 1, 1, 1);
INSERT INTO prm_d.reproductions (page_id, x1, y1, x2, y2, width, height, dimension, area, origin_image) values (12, 1609, 3471, 3407, 5845, 1798, 2374, 1.32, 0.14, '12_1_origin.jpeg');
INSERT INTO prm_d.captions (page_id) values (12);
INSERT INTO prm_d.pages (num, p_index, num_repro, issue_id, p_text) values (13, 13, 1, 1, 1);
INSERT INTO prm_d.reproductions (page_id, x1, y1, x2, y2, width, height, dimension, area, origin_image) values (13, 815, 797, 3663, 5531, 2848, 4734, 1.662, 0.44, '13_1_origin.jpeg');
INSERT INTO prm_d.captions (page_id) values (13);
INSERT INTO prm_d.pages (num, p_index, num_repro, issue_id, p_text) values (14, 14, 1, 1, 1);
INSERT INTO prm_d.reproductions (page_id, x1, y1, x2, y2, width, height, dimension, area, origin_image) values (14, 650, 3770, 4142, 5817, 3492, 2047, 0.586, 0.24, '14_1_origin.jpeg');
INSERT INTO prm_d.captions (page_id) values (14);
INSERT INTO prm_d.pages (num, p_index, num_repro, issue_id, p_text) values (14, 14, 2, 1, 0);
INSERT INTO prm_d.reproductions (page_id, x1, y1, x2, y2, width, height, dimension, area, origin_image) values (14, 2348, 594, 4115, 3086, 1767, 2492, 1.41, 0.15, '14_2_origin.jpeg');
INSERT INTO prm_d.pages (num, p_index, num_repro, issue_id, p_text) values (15, 15, 1, 1, 1);
INSERT INTO prm_d.reproductions (page_id, x1, y1, x2, y2, width, height, dimension, area, origin_image) values (15, 348, 493, 3797, 2980, 3449, 2487, 0.721, 0.28, '15_1_origin.jpeg');
INSERT INTO prm_d.captions (page_id) values (15);
INSERT INTO prm_d.pages (num, p_index, num_repro, issue_id, p_text) values (15, 15, 2, 1, 0);
INSERT INTO prm_d.reproductions (page_id, x1, y1, x2, y2, width, height, dimension, area, origin_image) values (15, 1394, 5205, 2768, 6197, 1374, 992, 0.722, 0.04, '15_2_origin.jpeg');
