INSERT INTO magazines (name) values ('Volné směry');
INSERT INTO volumes (num, magazine_id, timespan_start, timespan_end) values (37, 9, '1896-01-01', '1946-01-01');
INSERT INTO issues (num, volume_id) values (1, 9);
INSERT INTO pages (num, p_index, num_repro, issue_id, p_text) values (2, 2, 1, 8, 0);
INSERT INTO reproductions (page_id, x1, y1, x2, y2, width, height, dimension, area, origin_image) values (25, 1512, 472, 2035, 795, 523, 323, 'Pixels', 0.03, '2_1_origin.jpeg');
INSERT INTO pages (num, p_index, num_repro, issue_id, p_text) values (7, 7, 1, 8, 1);
INSERT INTO reproductions (page_id, x1, y1, x2, y2, width, height, dimension, area, origin_image) values (26, 225, 274, 1882, 2644, 1657, 2370, 'Pixels', 0.65, '7_1_origin.jpeg');
INSERT INTO captions (page_id, text) values (26, '———..—');
INSERT INTO pages (num, p_index, num_repro, issue_id, p_text) values (9, 9, 1, 8, 1);
INSERT INTO reproductions (page_id, x1, y1, x2, y2, width, height, dimension, area, origin_image) values (27, 478, 278, 1648, 2450, 1170, 2172, 'Pixels', 0.42, '9_1_origin.jpeg');
INSERT INTO captions (page_id, text) values (27, 'Jan Prcisler. Krajina s balvany, olej');
INSERT INTO pages (num, p_index, num_repro, issue_id, p_text) values (10, 10, 1, 8, 1);
INSERT INTO reproductions (page_id, x1, y1, x2, y2, width, height, dimension, area, origin_image) values (28, 524, 261, 1785, 2326, 1261, 2065, 'Pixels', 0.43, '10_1_origin.jpeg');
INSERT INTO captions (page_id, text) values (28, 'Julius Mařák, Krajina');
INSERT INTO pages (num, p_index, num_repro, issue_id, p_text) values (12, 12, 1, 8, 1);
INSERT INTO reproductions (page_id, x1, y1, x2, y2, width, height, dimension, area, origin_image) values (29, 160, 325, 1825, 2488, 1665, 2163, 'Pixels', 0.6, '12_1_origin.jpeg');
INSERT INTO captions (page_id, text) values (29, 'František Tichý, Kouzelnické z');
INSERT INTO pages (num, p_index, num_repro, issue_id, p_text) values (13, 13, 1, 8, 1);
INSERT INTO reproductions (page_id, x1, y1, x2, y2, width, height, dimension, area, origin_image) values (30, 235, 258, 1905, 1795, 1670, 1537, 'Pixels', 0.42, '13_1_origin.jpeg');
INSERT INTO captions (page_id, text) values (30, 'František Tichý, Zatiší s vajíčkem, tempera, 1940');
INSERT INTO pages (num, p_index, num_repro, issue_id, p_text) values (14, 14, 1, 8, 0);
INSERT INTO reproductions (page_id, x1, y1, x2, y2, width, height, dimension, area, origin_image) values (31, 212, 1842, 1794, 2611, 1582, 769, 'Pixels', 0.2, '14_1_origin.jpeg');
INSERT INTO pages (num, p_index, num_repro, issue_id, p_text) values (15, 15, 1, 8, 1);
INSERT INTO reproductions (page_id, x1, y1, x2, y2, width, height, dimension, area, origin_image) values (32, 237, 263, 1918, 2334, 1681, 2071, 'Pixels', 0.58, '15_1_origin.jpeg');
INSERT INTO captions (page_id, text) values (32, 'Alois Fišárek, Kytice, 1940');
INSERT INTO pages (num, p_index, num_repro, issue_id, p_text) values (16, 16, 1, 8, 1);
INSERT INTO reproductions (page_id, x1, y1, x2, y2, width, height, dimension, area, origin_image) values (33, 246, 258, 1746, 2437, 1500, 2179, 'Pixels', 0.54, '16_1_origin.jpeg');
INSERT INTO captions (page_id, text) values (33, 'Augustin Handzel, Hlava haviře');
INSERT INTO reproductions (page_id, x1, y1, x2, y2, width, height, dimension, area, origin_image) values (33, 161, 262, 961, 1999, 800, 1737, 'Pixels', 0.23, '18_1_origin.jpeg');
INSERT INTO pages (num, p_index, num_repro, issue_id, p_text) values (18, 18, 2, 8, 1);
INSERT INTO reproductions (page_id, x1, y1, x2, y2, width, height, dimension, area, origin_image) values (34, 1026, 258, 1823, 1995, 797, 1737, 'Pixels', 0.23, '18_2_origin.jpeg');
INSERT INTO captions (page_id, text) values (34, 'Madona krumlovská');
INSERT INTO reproductions (page_id, x1, y1, x2, y2, width, height, dimension, area, origin_image) values (34, 1112, 292, 1888, 1873, 776, 1581, 'Pixels', 0.2, '19_1_origin.jpeg');
INSERT INTO pages (num, p_index, num_repro, issue_id, p_text) values (19, 19, 2, 8, 1);
INSERT INTO reproductions (page_id, x1, y1, x2, y2, width, height, dimension, area, origin_image) values (35, 248, 461, 975, 1872, 727, 1411, 'Pixels', 0.17, '19_2_origin.jpeg');
INSERT INTO captions (page_id, text) values (35, 'Madona plseňská, det');
INSERT INTO reproductions (page_id, x1, y1, x2, y2, width, height, dimension, area, origin_image) values (35, 1012, 263, 1809, 1872, 797, 1609, 'Pixels', 0.21, '20_1_origin.jpeg');
INSERT INTO pages (num, p_index, num_repro, issue_id, p_text) values (20, 20, 2, 8, 1);
INSERT INTO reproductions (page_id, x1, y1, x2, y2, width, height, dimension, area, origin_image) values (36, 132, 265, 924, 1871, 792, 1606, 'Pixels', 0.21, '20_2_origin.jpeg');
INSERT INTO captions (page_id, text) values (36, 'Madona ze Suchdola');
INSERT INTO pages (num, p_index, num_repro, issue_id, p_text) values (22, 22, 1, 8, 1);
INSERT INTO reproductions (page_id, x1, y1, x2, y2, width, height, dimension, area, origin_image) values (37, 123, 254, 1817, 2142, 1694, 1888, 'Pixels', 0.53, '22_1_origin.jpeg');
INSERT INTO captions (page_id, text) values (37, 'Alots Wachsman, Vuně nocí, akvarel');
INSERT INTO pages (num, p_index, num_repro, issue_id, p_text) values (23, 23, 1, 8, 1);
INSERT INTO reproductions (page_id, x1, y1, x2, y2, width, height, dimension, area, origin_image) values (38, 126, 264, 1885, 2704, 1759, 2440, 'Pixels', 0.71, '23_1_origin.jpeg');
INSERT INTO captions (page_id, text) values (38, 'Alors Wachsmor, Odysseus a paní Bovarvovd, akvarc!');
INSERT INTO pages (num, p_index, num_repro, issue_id, p_text) values (24, 24, 1, 8, 1);
INSERT INTO reproductions (page_id, x1, y1, x2, y2, width, height, dimension, area, origin_image) values (39, 111, 234, 1844, 2630, 1733, 2396, 'Pixels', 0.69, '24_1_origin.jpeg');
INSERT INTO captions (page_id, text) values (39, 'V Studený, Kvtice');
INSERT INTO reproductions (page_id, x1, y1, x2, y2, width, height, dimension, area, origin_image) values (39, 258, 264, 1918, 1227, 1660, 963, 'Pixels', 0.26, '25_1_origin.jpeg');
INSERT INTO pages (num, p_index, num_repro, issue_id, p_text) values (25, 25, 2, 8, 1);
INSERT INTO reproductions (page_id, x1, y1, x2, y2, width, height, dimension, area, origin_image) values (40, 270, 1338, 1913, 2011, 1643, 673, 'Pixels', 0.18, '25_2_origin.jpeg');
INSERT INTO captions (page_id, text) values (40, 'V Studený, Zátiší');
INSERT INTO pages (num, p_index, num_repro, issue_id, p_text) values (26, 26, 1, 8, 1);
INSERT INTO reproductions (page_id, x1, y1, x2, y2, width, height, dimension, area, origin_image) values (41, 152, 244, 1848, 2699, 1696, 2455, 'Pixels', 0.69, '26_1_origin.jpeg');
INSERT INTO captions (page_id, text) values (41, 'Jaroslav Grus, Římská ulíce');
INSERT INTO pages (num, p_index, num_repro, issue_id, p_text) values (27, 27, 1, 8, 1);
INSERT INTO reproductions (page_id, x1, y1, x2, y2, width, height, dimension, area, origin_image) values (42, 233, 264, 1905, 1588, 1672, 1324, 'Pixels', 0.37, '27_1_origin.jpeg');
INSERT INTO captions (page_id, text) values (42, 'Jaroslav Grus, Silnice');
INSERT INTO pages (num, p_index, num_repro, issue_id, p_text) values (28, 28, 1, 8, 1);
INSERT INTO reproductions (page_id, x1, y1, x2, y2, width, height, dimension, area, origin_image) values (43, 140, 392, 1826, 1567, 1686, 1175, 'Pixels', 0.33, '28_1_origin.jpeg');
INSERT INTO captions (page_id, text) values (43, 'Jaroslav Grus, Jiízdárna');
INSERT INTO pages (num, p_index, num_repro, issue_id, p_text) values (29, 29, 1, 8, 1);
INSERT INTO reproductions (page_id, x1, y1, x2, y2, width, height, dimension, area, origin_image) values (44, 229, 244, 1036, 2592, 807, 2348, 'Pixels', 0.31, '29_1_origin.jpeg');
INSERT INTO captions (page_id, text) values (44, 'Karel Pokorný, Studie k Matce boží, 1939');
INSERT INTO reproductions (page_id, x1, y1, x2, y2, width, height, dimension, area, origin_image) values (44, 294, 446, 1438, 2418, 1144, 1972, 'Pixels', 0.37, '30_1_origin.jpeg');
INSERT INTO pages (num, p_index, num_repro, issue_id, p_text) values (30, 30, 2, 8, 0);
INSERT INTO reproductions (page_id, x1, y1, x2, y2, width, height, dimension, area, origin_image) values (45, 1475, 521, 1632, 2486, 157, 1965, 'Pixels', 0.05, '30_2_origin.jpeg');
INSERT INTO reproductions (page_id, x1, y1, x2, y2, width, height, dimension, area, origin_image) values (45, 98, 1315, 1834, 2691, 1736, 1376, 'Pixels', 0.4, '32_1_origin.jpeg');
INSERT INTO pages (num, p_index, num_repro, issue_id, p_text) values (32, 32, 2, 8, 0);
INSERT INTO reproductions (page_id, x1, y1, x2, y2, width, height, dimension, area, origin_image) values (46, 93, 212, 1825, 1277, 1732, 1065, 'Pixels', 0.31, '32_2_origin.jpeg');
INSERT INTO pages (num, p_index, num_repro, issue_id, p_text) values (33, 33, 1, 8, 0);
INSERT INTO reproductions (page_id, x1, y1, x2, y2, width, height, dimension, area, origin_image) values (47, 263, 229, 1985, 2707, 1722, 2478, 'Pixels', 0.71, '33_1_origin.jpeg');
INSERT INTO pages (num, p_index, num_repro, issue_id, p_text) values (35, 35, 1, 8, 0);
INSERT INTO reproductions (page_id, x1, y1, x2, y2, width, height, dimension, area, origin_image) values (48, 142, 231, 1863, 2732, 1721, 2501, 'Pixels', 0.71, '35_1_origin.jpeg');
